,SAP_pos_CDRH1,SAP_pos_CDRH2,SAP_pos_CDRH3,SAP_pos_CDRL1,SAP_pos_CDRL2,SAP_pos_CDRL3,SAP_pos_CDR,SAP_pos_Hv,SAP_pos_Lv,SAP_pos_Fv,SCM_pos_CDRH1,SCM_pos_CDRH2,SCM_pos_CDRH3,SCM_pos_CDRL1,SCM_pos_CDRL2,SCM_pos_CDRL3,SCM_pos_CDR,SCM_pos_Hv,SCM_pos_Lv,SCM_pos_Fv,SCM_neg_CDRH1,SCM_neg_CDRH2,SCM_neg_CDRH3,SCM_neg_CDRL1,SCM_neg_CDRL2,SCM_neg_CDRL3,SCM_neg_CDR,SCM_neg_Hv,SCM_neg_Lv,SCM_neg_Fv,SMAC_nor
abituzumab,3.86,4.35,8.72,2.15,4.7,6.79,30.68,45.53,36.43,82.66,33.36,50.21,58.55,37.38,99.53,19.15,301.27,877.35,1176.29,2044.64,26.56,6.04,32.17,122.07,5.67,113.76,317.86,542.91,520.88,1062.81,-0.54396
abrilumab,3.14,0.95,1.52,1.63,3.66,5.1,17.65,43,29.55,73.26,4.73,1.59,8.02,34.77,5.28,23.33,70.42,921.07,925.66,1834.76,180.54,177.9,136.3,48.18,52.64,109.34,713.11,1158.15,471.78,1617.03,-0.72873
adalimumab,2.13,2.52,14.45,1.9,3.59,3.17,27.5,58.42,30.52,89.33,3.18,19.58,29.51,116.77,41.76,55.55,263.84,907.11,1219.44,2109.09,166.8,62.52,61.63,18.17,6.93,106.42,430.54,817.64,362.91,1185.11,-0.95744
alemtuzumab,2.1,3.39,4.52,1.68,3.61,3.74,20.84,51.51,32,85.2,31.36,117.38,112.29,59.08,40.17,161.99,528.97,1438.97,1261.75,2691.13,48.81,12.45,18.94,56.45,27.75,35.92,214.44,350.53,358.43,714.15,-0.95744
alirocumab,2.34,0.49,5.75,6.34,2.48,4.47,23.01,52.35,43.46,95.66,87.39,30.73,22.05,163.36,64.86,19.05,393.55,1270.47,966.63,2228.18,32.46,10,116.72,42.27,27.23,108.37,352.93,436.25,505.5,933.4,-0.91365
anifrolumab,9.21,1.46,6.46,3.27,0.75,2.08,23.75,56.85,33.33,90.74,51.86,1.38,8.5,14.56,50.18,15.44,127.33,863.01,1012.91,1858.9,27.05,69.01,156.93,116.76,19.94,124.06,531.88,618.64,548.38,1169.5,-1.41219
atezolizumab,1.75,4.33,8.62,1.62,10.41,9.99,38.11,57.12,44.69,101.71,28.06,23.04,156.53,24.02,37.73,92.11,365.41,1228.49,1136.4,2343.4,40.75,10.97,-1.9,93.77,18.89,64.64,233.32,311.49,435.05,748.66,2.431472
bapineuzumab,1.86,0.15,7.19,5.23,6.05,3.57,25.34,50.95,50.96,102.65,53.06,109.88,106.28,52.56,76.11,139.97,552.66,1318.6,1166.99,2473.72,28.46,-5.99,45.76,114.21,17.38,11.72,214,297.65,339.56,627.61,-1.08438
basiliximab,2.86,1.46,10.04,2.12,3.52,3.28,23.94,46.56,35.81,82.24,114.54,21.5,52.29,111.67,84.92,86.88,469.83,1139.55,1275.68,2418.88,7.67,32.66,77.6,22.3,11.92,45.58,198.51,433.75,277.66,709.02,-2.1691
bavituximab,3.01,6.43,14.83,-0.08,2.2,3.21,29.92,48.26,31.16,79.75,32.34,3.79,25.91,50.79,55.8,26.74,200.12,948.2,803.21,1732.32,37.88,65.17,90.12,95.39,29.91,69.46,403.53,611.39,562.01,1173.69,1.339367
belimumab,-0.16,10.5,27.5,3.77,0.98,1.47,45.3,64.14,40.72,104.01,30.84,20.99,178.7,94.76,120.37,136.85,578.47,1289.84,942.45,2193.43,34.93,44.45,13.73,45.2,-5.17,37.87,170.77,401.49,544.14,954.52,0.610768
benralizumab,2.59,2.36,19.24,6.75,2.19,9.08,43.28,56.67,40.67,98,62.18,36.98,67.83,30.02,135.51,37.61,376.33,1334.45,1231.47,2540.25,27.18,32.25,57.69,188.75,4.14,103.99,422.98,380.23,615.35,986.74,0.458468
bevacizumab,2.55,3.97,17.97,2.07,5.8,6,39.23,67.48,36.77,104.63,57.05,3.75,116.24,15.74,69.06,30.11,280.07,1127.01,1158.49,2259.26,28.36,33.82,64.83,150.04,27.54,111.87,425.88,432.29,599.83,1018.93,1.211865
bimagrumab,1.1,3.71,5.4,5.95,1.64,11.13,28.99,44.57,42.83,87.19,71.56,61.48,24.81,78.92,162.18,43.29,442.22,1278.56,1229.89,2480.34,14.88,1.05,25.24,42.59,-4.82,64.85,142.74,303.19,309.4,609.27,-0.10384
blosozumab,5.99,4.68,3.89,1.38,3.37,6.42,26.6,40.99,36.38,77,4.18,-2.21,27.84,53.44,92.06,3.63,166.12,855.17,1149.7,1991.2,172.16,202.69,142.87,109.28,13.09,171.45,823.5,1230.82,560.49,1782.18,-1.49338
bococizumab,3.3,5.28,15.26,1.4,6.2,9.34,40.96,49.67,39.81,89.57,71.4,101.38,131.33,41.26,88.06,84.96,524.86,1402.85,1290.18,2667.96,15.24,3.37,22.9,45.38,4.51,52.38,150.83,328.89,307.79,636.05,0.479506
brentuximab,2.81,1.59,10.09,3.98,3.1,2.39,25.14,44.05,44.38,89.16,0.16,26.02,18.3,7.12,43.72,15.82,104.63,945.77,1087.92,2020.46,64.76,14.19,67.25,242.77,43.8,176.61,609.25,492.17,772.71,1264.11,-0.87154
briakinumab,2.77,2.44,0.38,0.87,2.4,10.2,19.33,37.25,49.13,86.76,41.09,40.15,33.6,187.14,64.45,122.94,493.92,1289.54,1176.81,2446.48,26.79,6.41,0.53,-3.73,21.8,30.99,81.76,183.86,276.63,471.95,-0.47951
brodalumab,2.82,3.1,10.11,0.96,0.48,5.71,22.28,46.76,35.77,83.19,106.25,38.59,86.24,3.67,61.69,28.62,313.57,1387.34,1111.54,2474.2,3.56,10.69,17.24,136.75,31.48,136.69,342.25,304.34,552.65,852.16,-0.43763
canakinumab,6.4,4.3,7.69,0.54,5.1,8.2,32.52,57.49,37.99,96.99,48.41,-2.11,82.17,67.27,113.12,38.78,354.75,1069.89,1021.89,2058.24,37.36,119.1,23.68,35.02,-2.28,77.91,300.21,537.13,396.61,948.29,-0.52224
carlumab,1.44,14.82,14.72,3.56,0.93,10.84,47.02,63.31,47.06,110.85,22.61,9.09,7.94,-1.07,51.31,53.31,137.82,1003.01,987.78,1968.18,62.12,56.29,186.06,148.51,41.64,82.3,585.71,721.06,598.04,1316.65,0.680417
certolizumab,6.7,11.45,5.19,0.36,10.6,10.87,47.58,67.71,49.71,118.63,28.27,4.48,62.74,38.72,39.59,28.23,199.7,1025.74,1084.65,2095.88,69.49,58.22,16.09,45.33,12.95,88.06,306.24,475.03,401.1,878.46,1.136759
cetuximab,2.81,1.75,20.81,0.62,3.46,5.03,34.88,63.38,44.27,109.14,71.4,29.85,41.84,37.09,39.44,22.18,246.88,1165.6,830.06,1963.78,14.2,18.35,96.31,67.6,60.7,118.45,373.89,414.17,574.84,984.58,0.141825
cixutumumab,1.58,13.68,29.49,3.71,1.34,0.95,50.96,69.72,40.36,111.01,77.24,58.03,87.99,41.75,92.24,99.54,459.62,1253.44,903.24,2130.53,9.38,13.98,160.22,70.3,5.55,29.16,303.71,428.5,523.42,950.56,1.067571
clazakizumab,2.43,1.33,7.03,0.71,4.35,10.92,27.43,53.17,41.01,93.71,39.93,4.46,36.97,22.45,49,45.04,192.95,1056.42,1061.5,2102.64,38.34,87.66,221.31,93.72,32.85,137.99,642.4,755.13,550.89,1309.18,0.009424
codrituzumab,2.22,0.51,10.07,4.71,3.71,4.55,27.67,49.39,51.7,102.05,46.5,15.21,67.65,243.54,141.53,140.93,654.35,1007.68,1500.14,2493.13,75.72,88.63,26.31,10.68,-10.44,17.29,191.33,524.58,152.07,684.91,-1.87969
crenezumab,2.66,0.36,3.01,7.61,3.71,5.07,24.04,41.78,54.74,96.82,16.99,14.99,0.28,58.26,78.87,80.93,243.83,1017.78,1056.09,2059.39,43.73,5.88,25.96,66.39,6.6,54.53,223.28,401.71,346.28,747.72,-0.70437
dacetuzumab,2.86,3.81,6.35,2.54,4.66,5.19,26.34,54.68,35.54,92.05,55.89,38.69,123.57,102.19,79.74,127.47,531.28,1409.44,1401.25,2786.93,22.84,9.81,4.24,22.04,5.68,44.9,103.66,246.01,238.47,488.4,-1.55351
daclizumab,2.93,4.15,5.09,2.69,3.89,5.73,25.9,45.4,38.86,84.01,54.49,18.45,78.64,53.99,42.44,87.14,333.26,1060,1118.85,2161.69,38.21,45.19,21.49,28.93,10.16,63.32,201.44,490.39,337.41,829.33,-0.39651
dalotuzumab,5.65,2.56,8.08,4.67,6.12,4,31.9,54.26,54.21,109.92,65.58,18.51,99.45,167.22,115.63,105.87,577.46,1257.92,1251.62,2494.6,19.46,26.63,21.24,16.37,-4.06,27.73,108.29,254.84,218.04,487.1,-0.68042
daratumumab,3.14,0.3,26.26,1.86,0.19,6.3,38.34,73.47,38.45,111.45,27.55,11.26,56.28,13.8,66.96,50.26,225.27,993.92,1097.46,2073.5,41.61,8.54,116.77,80.42,29.27,86.56,374.75,478.64,471.96,945.65,0.180012
denosumab,2.49,0.11,15.97,2.55,0.56,1.85,23.77,61.6,33.18,95.32,42.21,10.15,77.49,142.88,81.87,61.18,415.96,1010.63,1221.23,2209.07,31.3,11.22,64.52,19.49,6.13,37.96,166.93,375.53,281.16,648.3,-1.77932
dinutuximab,2.47,8.84,4.5,4.25,1.58,9.33,32.31,44.65,46.84,91.22,18.9,22.54,16.21,292.17,182.89,136.52,672.21,1004.66,1775.62,2770.44,43.37,36.46,47.08,14.38,5.21,12.3,122.79,457.05,161.39,621.42,0.237808
drozitumab,3.25,2.46,13.24,4.12,1.6,1.34,26.87,47.99,43.73,91.4,-0.73,12.88,56.87,69.71,79.67,62.46,280.67,1024.64,897.22,1897.69,152.13,50.49,44.5,55.68,8.2,55.97,375.05,592.93,557.45,1144.63,-0.58821
duligotuzumab,1.68,6.3,8.97,0.96,10.47,3.75,34.22,56.72,38,95.31,28.82,9.41,23.84,18.43,21.66,-6.39,85.87,909.96,974.47,1868.92,38.48,40.15,177.04,148.75,36.15,253.98,709.94,711.82,757.03,1469.91,0.199201
dupilumab,2.02,0.73,24.44,16.13,3.79,4.43,51.2,58.11,60.83,119.35,37.05,18.21,295.81,104.5,69.76,46.44,577.34,1226.97,1020.87,2221.37,51.21,10.81,52.07,55.55,13.85,96.07,298.28,485.42,422.47,914.77,0.376202
eculizumab,10.06,1.76,15,6.3,4.94,6.9,47.23,59.71,40.35,100.38,66.27,40.22,47.87,9.09,20.09,13.08,186.63,1002.88,907.14,1891.81,18.75,15.31,134.58,126.3,41.51,150,498.65,602.59,644.47,1251.19,0.63364
efalizumab,1.77,0.15,23.04,2.08,2.91,4.31,34.39,63.37,32.15,95.9,64.68,4.77,70.8,114,52.24,57.97,362.96,1123.96,1226.39,2322.39,4.79,23.13,26.63,31.47,7.82,87.68,180.6,266.38,322.22,587.58,-1.21187
elotuzumab,2.37,0.11,8.29,5.86,2.8,6.01,26.02,60.09,39.71,100.02,34.28,-1.89,27.42,18.8,80.58,19.64,167.75,848.22,1075.82,1907.56,88.2,75.18,139.25,119.91,5.44,112.95,552.06,715.26,529.91,1227.37,0.656849
emibetuzumab,2.21,0.36,4.93,7.8,3.75,7.54,27.56,31.89,44.05,76.54,32.92,128.2,38.73,26.19,37.04,46.06,311.92,1259.08,1037.7,2272.95,57.07,8.7,28.2,43.53,17.27,54.13,222.39,386.55,363.01,746.06,-0.83093
enokizumab,5.5,2.16,10.65,4.18,5.7,7.56,37.03,48.86,40.91,89.92,25.22,7,26,116.26,67.23,32.56,267.16,964.09,1209.52,2150.63,80.03,68.82,190.19,49.44,11.26,132.76,546.07,766.87,423.54,1189.97,1.173485
epratuzumab,2.8,2.64,11.77,7.82,2.47,6.32,34.24,45.79,41.49,86.78,63.09,9.21,58.35,161.42,74.59,24.32,385.26,946.26,1225.96,2149.68,44.5,89.88,37.88,52.97,12.18,90.97,324.13,648.76,374.88,1018.8,-1.41219
etrolizumab,6.71,1.81,3.46,1.06,4.11,5.21,23.9,52.93,32.41,86.58,64.19,36.74,44.3,12.21,42.64,28.42,223.77,1271.15,1017.76,2260.29,9.92,2.25,36.06,173.13,45.12,118.71,377.21,261.27,634.28,874.34,-0.30627
evolocumab,4.17,5.08,4.05,4.81,1.1,3.07,22.97,38.53,30.85,69.26,54.48,20.09,16.57,44.21,65.15,24.09,214.55,1191.2,992.64,2161.51,17.84,19.11,36.98,73.17,11.93,86,263.46,379.14,427.85,808.57,0.522239
farletuzumab,2.62,4.37,7.72,1.65,3.46,14.82,36.23,52.85,45.12,97.96,37.72,10.32,49.1,36.66,39.93,39.11,207.31,1063.53,1056.74,2092.05,16.67,13.85,64.11,62.81,8.85,96.83,288.94,371.7,431.04,807.52,0.416982
fasinumab,4.17,0.98,15.38,0.84,9.25,5.38,38.42,58.1,36.14,95.07,-9.98,2.07,25.91,35.46,46.11,74.33,162.42,952.21,1153.26,2105.69,208.58,243.4,123.99,36.01,25.71,100.75,746.67,1302.45,397.8,1695.04,-0.61077
fezakinumab,2.01,4.28,7.33,3.86,0.66,6.03,25.33,55.07,48.11,103.97,57.43,49.27,20.58,55.27,44.12,36.2,270.25,1342.47,846.66,2171.53,21.95,15.26,281.47,64.06,36.24,100.9,519.59,624.13,553.16,1184.38,1.619856
ficlatuzumab,3.14,-0.26,11.94,5.43,1.36,6.53,29.59,52.69,43,94.59,55.12,80.06,32.55,28.09,40.09,30.88,268.81,1095.14,825.98,1886.15,22.68,-0.22,84.21,99.52,20.41,96.45,338.93,431.29,597.45,1022.26,0.028274
figitumumab,2.81,0.39,25.31,0.42,3.3,5.78,36.96,63.02,36.73,99.02,44.91,4.63,85.1,70.57,157.66,34.11,402.83,1090.98,1413.88,2484.37,34.87,11.34,171.74,26.52,-1.57,90.88,351,568.13,332.09,905,0.885402
fletikumab,1.38,3.54,20.49,0.22,2.37,5.7,33.91,51.88,31.54,84.27,36.6,31.79,12.44,25.46,-3.46,32.37,126.68,1005.69,1025.56,2008.58,35.61,13.56,307.4,62.89,69.55,64.38,568.55,707.87,423.16,1140.23,0.543964
foralumab,3.45,4.98,12.64,2.3,0.64,7.61,31.03,58.58,41.3,99.48,83.43,49.57,56.59,16.65,58.97,89.02,347.09,1453.76,1129.81,2568.7,14.18,22.65,43.8,68.77,28.41,63.07,246.32,250.58,398.13,647.62,-2.43147
fresolimumab,1.86,17.25,23.12,2.78,3.43,2.58,52.08,74.63,37.53,112.36,11.4,-1.34,6.55,20.74,54.33,15.19,94.26,963.72,1019.71,1959.29,78.21,106.05,161.4,83.49,9.7,149.22,596.81,778.8,512.18,1292.49,0.565949
fulranumab,2.62,0.49,13.85,0.76,2.49,5,25.46,62.92,31.95,96.74,122.91,114.84,67.41,19.44,5.33,30.6,353.91,1093.98,937.86,2007.47,14.7,-3.66,153.16,61.85,69.14,68.59,363.91,462.69,461.3,916.15,0.728732
galiximab,2.06,1.58,34.1,3.68,2.4,5.19,49.27,82.25,45.09,128.79,54.5,8.25,96.18,40.84,98.89,17.76,314.76,948.52,883.86,1797.46,11.49,23.74,125.11,69.46,12.38,107.18,361.44,448.45,502.42,950.65,1.779316
ganitumab,0.59,1.25,3.06,8.03,3.47,3.79,20.5,39.2,51.79,91.42,105.74,64.03,47.24,121.1,47.27,58.95,446.15,1344.61,1049.22,2372.11,-1.48,-0.29,98.5,43.75,24.57,58.55,233.73,331.79,342.68,676.85,-0.30627
gantenerumab,1.83,0.15,14.45,1.87,0.68,7.41,27.21,58.05,38.82,97.3,59.85,67.36,274.1,47.57,84.79,44.24,592.52,1387.49,1139.96,2487.57,26.61,6.42,19.12,41.18,4.93,64.97,155.9,284.36,347.97,634.08,-5.19934
gemtuzumab,3.73,4.96,8.69,6.28,2.31,5.07,31.81,53.17,36.74,90.33,-0.07,12.97,32.26,47.22,44.27,27.59,159.83,948.24,1033.38,1956.52,56.27,26.81,32.46,114.51,16.89,100.26,358.93,474.9,474.4,948.14,1.694209
gevokizumab,2.09,2.28,9.69,2.27,4.91,8.84,30.55,49.86,37.24,88.66,40.16,0.07,102.13,62.32,144.26,43.38,391.74,1166.53,1373.54,2519.31,43.28,107.72,48.89,93.18,-0.68,70.22,367.08,523.3,417.43,934.83,-1.61986
girentuximab,1.33,4.35,7.73,3.7,1.81,6.39,27.15,54.05,34.91,89.4,71.57,17.65,115.22,32.39,63.68,36.96,336.65,1258.88,990.81,2211.68,25.07,40.63,25.12,54.38,4.76,85.28,242.56,367.34,395.61,773.09,-0.87154
golimumab,9.65,2.27,23.06,6.46,0.99,8.05,49.35,61.49,48.58,109.81,45.5,18.14,136.59,18.76,71.84,66.39,359.89,1329.42,1113.38,2426.39,24.59,24.49,51.27,67.46,21.8,65.49,269.42,353.16,412.58,774.33,1.387093
guselkumab,3.03,2.35,14.75,2.74,1.84,11.32,36.32,58.46,54.44,113.55,57.03,21.43,56.06,70.62,123.06,46.47,372.63,858.42,988.05,1818.21,22.58,29.86,54.84,35.66,-2.9,89.57,238.17,412.84,375.83,782.63,0.588211
ibalizumab,2.08,2.59,11.71,7.1,1.76,5.39,31.34,49.17,43.54,92.5,47.62,-5.46,82.15,115.63,74.43,42.74,350.26,973.35,1074.88,2034.07,46.34,102.03,103.34,55.81,12.8,93.49,420.47,799.07,421.19,1221.71,0.857846
imgatuzumab,2.4,3.32,11.29,2.38,2.32,5.28,28.26,44.94,32.56,76.57,44.28,52.57,107.18,85.6,67.82,60.29,423.11,1194.86,1263.09,2426.56,30.03,4.81,26.46,27.1,14.82,55.36,171.94,326.08,309.63,642.15,0.084913
infliximab,8.22,2.84,11.41,4.32,2.67,5.91,36.58,50.78,44.49,97.57,52.31,74.92,82.05,72.28,45.88,88.02,428.92,1007.11,848.1,1808.07,31.34,12.85,25.41,30.05,35.92,49.31,183.06,471.73,471.38,945.15,0.066012
inotuzumab,2.27,3.66,14.17,4.39,6.42,1.19,32.77,55.91,39.22,96.36,107.35,44,70.22,61.09,49.57,80.04,410.97,1422.01,1111.17,2516.04,9.42,17.15,45.82,49.08,12.52,49.44,201.64,373.88,303.47,672.5,0.396509
ipilimumab,2.41,2.36,16.83,2.45,8.49,2.97,35.44,61.31,39.71,101.76,44.65,10.63,31.27,35.47,60.89,30.47,208.55,1151.2,1075.59,2211.87,31.39,37.06,40.34,37.94,11.73,79.82,251.44,380.81,362.16,743.41,1.438205
ixekizumab,1.57,7.27,18.11,4.31,5.78,5.56,44.88,59.36,54.87,114.47,21.32,14.33,79.58,299.6,141.62,104.16,663.72,1129.16,1539.47,2641.79,99.36,82.52,53.06,4.6,-1.78,24.16,233.09,600.94,154.77,746.73,0.437631
lampalizumab,2.73,3,1.41,2.13,5.47,7.24,23.64,51.32,40.16,92.37,67.57,3.97,39.85,-20.84,64.27,1.96,140.81,1054.4,1031.96,2061.31,20.56,72.62,78.76,369.28,50.36,241.77,817.46,600.19,1026.52,1625.72,-0.35605
lebrikizumab,4.55,2.21,16.72,4.34,4.55,1.32,33.89,66.84,39.04,106.19,38.16,39.43,31.66,37.73,22.36,27.01,198.01,1089.97,794.31,1858.57,32.82,9.91,114.97,105.95,42.39,123.72,464.31,467.37,594.68,1063.61,1.87969
lenzilumab,1.54,-0.42,13.23,1.12,0.79,3.22,19.64,46.69,33.68,80.79,92.79,93.87,219.1,68.29,66.83,129.79,686.9,1678.56,1313.61,2956.56,13.16,1.23,13.08,22.03,8.44,7.58,56.4,200.98,176.95,394.18,-1.69421
lintuzumab,3,5.01,3.95,5.28,2.92,4.25,24.62,44.59,34.3,78.88,18.13,9.28,64.37,26.01,37.36,30.41,178.48,1018.51,1027.14,2021.35,91.05,67.37,22.25,147.33,22.19,117.4,469.98,560.18,549.33,1101.59,0.753536
lumiliximab,6.84,1.61,1.43,6.1,4.36,4.93,25.96,53.4,37.88,91.51,53.65,13.46,15.52,47.99,30.35,96.87,248.77,1093.34,1109.35,2191.33,35.56,43.01,39.56,70.95,14.25,44.45,264.09,425.39,407.44,837.03,-0.21846
matuzumab,1.38,-0.13,9.52,2.82,3.35,4.1,22.1,42.37,33.96,77.25,28.07,57.87,39.42,10.45,16.82,65.28,224.61,1049.06,1035.22,2078.4,59.32,-2.68,226.69,103.06,47.64,65.36,518.08,649.69,515.89,1165.6,-0.06601
mavrilimumab,3.7,0.63,16.48,5.19,1.19,6.78,35.45,54.14,49.78,104.63,5.69,-1.41,31.5,89.8,184.07,27.02,330.36,935.26,1187.58,2089.34,206.36,245.72,93.94,46.18,-17.54,111.34,690.84,1244.35,371.47,1594.78,-1.00315
mepolizumab,2.6,2.28,10.51,4.07,0.8,6.82,28.04,55.34,42.12,97.9,80.54,34.84,94.53,168.85,94.52,56.62,534.95,1224.17,1198.15,2406.03,11.16,6.01,50.88,31.19,16.84,73.14,188.03,356.25,363.78,715.25,-0.18001
mogamulizumab,9.05,4.58,5.65,8.73,4.16,13.11,47.02,61.88,65.91,128.66,67.95,18.05,82.18,140.77,76.42,27.82,409.11,1205.09,1044.5,2230.56,33.3,17.18,28.88,69.86,11.7,102.47,292.9,439.84,420.18,865.41,-0.15135
motavizumab,3.43,2.11,19.71,2.8,4.11,6.89,40.1,57.86,39.12,96.5,53.61,28.26,23.7,50.51,51.75,52.4,264.15,1248.67,1095.21,2311.76,59.42,55.65,183.59,51.23,28.27,83.92,483.02,624.14,429.73,1038.65,-0.15135
muromonab,1.76,1.81,4.64,2.38,3.81,2.89,19.04,32.87,35.08,68.1,83.33,83.85,22.57,23.73,82.52,39.09,335.05,1074.54,1088.88,2139.51,24.55,-0.03,176.55,45.74,13.37,46.27,316.78,484.69,315.02,814.57,-2.0036
natalizumab,2.64,4.85,20.7,2.32,6.21,5.48,43.59,63.65,38.13,103.46,44.73,25.8,64.9,63.78,109.19,34.03,341.42,1158.39,1141.93,2276.58,46.34,33.06,106.65,104.02,9.51,134.04,468.11,549.75,523.38,1086.12,-0.04713
necitumumab,1.12,3.83,21.71,2.3,0.48,3.98,32.92,62.02,38.12,100.44,21.41,6.11,21.41,13.33,55.85,22.48,135.01,1176.49,1055.46,2208.56,57.54,40.5,101.2,74.08,27.95,92.85,396.36,479.37,451.01,927.91,0.972449
nimotuzumab,2.39,0.36,16.31,1.56,4.44,5.58,32,43.84,36.09,80.74,37.93,16.16,54.5,124.69,112.27,73.95,420.37,1092.43,1260.75,2328.68,41.35,34.11,86.55,42.78,3.7,66.46,290.73,562.32,349.95,913.43,0.047135
nivolumab,3.22,4.53,2.41,2.33,0.62,5.51,18.78,47.77,38.74,85.82,20.36,42.15,13.83,19.86,54.84,59.78,211.52,1186.08,1078.88,2241.08,40.96,23.96,73.08,89.43,32.42,66.13,338.47,400.64,485.28,881.63,-1.08438
obinutuzumab,7.59,2.63,17.26,9.85,5.78,6.96,51.54,61.16,62.66,124.2,67.77,20.23,60.42,169.38,32.38,42.45,389.59,1102.59,1000.68,2078.59,8.09,81.95,69.88,40.65,21.05,109.46,360.5,514.58,388.89,913.11,0.257241
ocrelizumab,2.02,2,16.86,1.7,6.11,8.94,37.38,58.99,36.91,96.71,84.83,32.81,90.43,32.79,38.07,39.36,314.46,1348.05,1089.98,2412.7,14.17,15.91,78.72,34.88,19.86,63.02,233.75,324.83,327.31,646.4,-0.08491
ofatumumab,2.6,1.85,16.55,2.15,0.26,6,28.93,55.84,37.92,93.38,33.43,7.97,37.86,19.03,61.82,46.3,204.35,1154.54,1046.14,2179.2,97.75,29.76,133.13,75.14,25.52,87.04,460.82,562.29,480.07,1039.56,0.778812
olaratumab,0.9,4.33,19.27,1.84,0.44,6,32.83,63.42,39.21,102.72,50.82,18.44,115.69,21.73,71.25,65.71,348.08,1120.42,1109.22,2215.99,23.51,17.24,61.68,64.25,27.43,39.15,240.82,374.05,379.18,743.54,0.218464
olokizumab,1.71,5.84,16.9,4.79,4.27,4.48,38.24,65.83,35.74,101.86,9.52,43.9,51.25,21.25,42.29,36.45,204.9,893.78,999.01,1873.68,94.83,41.6,27.15,116.2,38.15,105.33,436.55,624.46,601.37,1232.4,0.29641
omalizumab,4.38,2.03,15.99,2.58,7.38,1.81,34.09,60.82,34.24,94.4,51.66,-3.77,91.71,14.25,23.28,32.68,199.48,1159.2,943.91,2086.15,34.44,62.35,25.72,215.03,42.65,142.21,539.36,456.66,687.29,1132.44,-0.41698
onartuzumab,2.34,-0.05,13.09,5.35,3.59,10.49,35.56,56.77,40.61,98.51,27.73,4.06,72.73,75.93,59.9,33.06,266.76,988.49,1137.89,2107.29,41.85,53.38,65.1,54.17,23.26,90.06,333.74,506.45,398.24,896.06,-0.00942
otelixizumab,2.62,0.23,8.87,4.89,1.02,6.49,25.41,55.62,47.99,103.15,41.92,53.14,95.09,31.65,42.89,26.45,293.89,1216.15,855.4,2042.93,31.68,0.46,49.58,135.53,74.79,75.15,379.5,348.7,687.29,1023.04,-0.56595
otlertuzumab,4.03,9.25,5.27,6.1,8.08,2.96,37.66,54.39,47.76,102.39,34.33,15.43,19.76,58.45,86.32,72.4,289.31,858.96,1050.31,1897.92,34.18,44.95,40.24,78.58,27.56,68.51,314.18,441.76,467.03,906.68,1.003148
ozanezumab,4.1,-0.06,4.87,8.53,2.37,7.44,29.48,43.39,58.4,101.35,41.5,59.52,7.51,120.64,69.44,19.41,320.45,1019.23,1122.34,2129.18,37.65,-3.78,57.78,46.88,8.79,86.54,246.57,408.65,323.32,742.06,-1.33937
palivizumab,2.01,1.7,11.12,6.31,4.03,7.1,33.62,49.38,43.88,93.25,51.01,15.23,33.66,24.17,58.8,42.27,223.81,1209.41,1127.42,2310.97,57.62,71.84,137.59,69.57,28.72,92.38,470.53,576.19,459.69,1026.81,-0.6452
panitumumab,1.43,3.45,5.46,2.13,2.77,8.27,23.2,45.44,37.32,83.38,15.41,8.22,46.54,8.15,17.47,35.44,130.62,1107.6,954.66,2039.48,45.94,32.13,101.61,234.77,74.7,105.01,602.09,462.24,800.04,1255.95,-0.1992
panobacumab,4.38,0.1,8.89,7.26,0.46,6.49,28.9,53.67,53.32,106.94,57.83,3.11,135.7,73.48,110.94,83.3,469.6,1413.47,1390.22,2778.15,33.87,30.83,29.38,59.99,11.24,31.98,200.16,369.44,268.3,639.45,-0.02827
parsatuzumab,5.75,1.54,12.81,9.33,4.44,5.21,40.03,56.15,41.69,99.13,43.48,10.96,27.72,104.97,81.13,66.87,328.27,1237.1,1247.2,2456.22,88.01,66.81,273.96,48.39,12.54,88.8,600.01,768.62,342.68,1121.75,-0.23781
patritumab,1.86,0.03,8.36,5.61,1.98,3.42,21.81,60.27,38.9,99.05,81.82,38.79,107.63,116.08,75.81,56.09,476.73,1332.94,989.07,2298.73,3.23,11.3,64.36,56.19,15.72,76.8,229.3,320.63,474.29,788.45,0.704369
pembrolizumab,2.28,0.36,11.36,5.72,8.61,7.24,36.01,46.07,53.26,98.67,44.78,31.03,52.26,121.4,33.17,54.4,345.42,1056.3,1031.15,2075.9,28.26,7.23,114.65,42.38,33.53,79.66,326.78,459.87,419.18,896.53,1.553512
pertuzumab,2.34,0.2,10.53,4.14,6.53,15.28,40.84,55.97,49.08,105.11,25.99,14.52,26.37,19.89,69.96,26.28,174.26,1044.72,1139.79,2159.29,69.15,26.29,85.43,112.34,6.09,109.65,424.33,463.41,494.73,961.93,0.160889
pinatuzumab,1.59,2.07,7.82,4.77,4.38,5.79,27.01,50.47,38.69,89.21,66.83,15.49,42.22,101.86,85.1,37.2,337.98,1131.01,1206.47,2306.95,47.72,64.08,160.87,52.62,15.91,101.42,457.98,627.01,404.52,1019.81,-0.12281
polatuzumab,2.42,8.63,11.55,3.77,3.42,2.29,31.44,62.06,31.34,95.79,26.55,2.23,105.71,0.13,33.45,5.2,173.44,936.5,926.27,1853.68,29.71,67.96,52.15,277.24,43.04,217.22,686.32,509.71,840.8,1336.12,-1.03482
ponezumab,6.13,1.45,13.57,9.03,5,8.69,45.7,50.41,64.13,114.72,16.02,40.75,81.65,97.53,93.01,117.45,453.07,1175.73,1374.79,2539.8,65.61,20.68,22.01,42.66,6.74,-1.03,159.84,389.39,208.16,607.82,0.356048
radretumab,3.36,0.48,11.81,2.59,3.91,5.63,29.03,60.33,38.76,99.92,43.29,25.47,48.41,26.11,59.85,80.25,276.38,1052.16,1116.34,2162.01,26.64,4.55,36.19,39.59,14.02,46.11,175.08,335.57,316.41,654.67,-0.77881
ramucirumab,2.46,4.47,2.14,2.13,2.3,7.94,22.11,49.84,38.02,88.75,27.79,3.27,9.75,52.45,8.31,34.16,130.63,1021.56,1051.6,2061.99,39.88,29.24,133.46,108.8,69.83,99.07,488.07,516.5,545.1,1059.81,-0.6452
ranibizumab,2.8,4.02,21.23,2.18,5.9,6.04,42.95,71.34,37.25,109.3,53.12,6.32,94.92,6.44,64.26,27.58,238.86,1105.68,1146.41,2227.93,43.95,31.09,88.26,150.78,27.34,111.14,461.04,491.98,602.67,1077.3,2.169099
reslizumab,2.94,1.18,10.59,5.27,4.27,8.3,34.82,54.34,40.58,95.04,50.67,14.78,17.15,8.43,27.91,47.07,159.53,1049.76,986.5,2020.05,22.6,62.5,97.61,95.11,33.15,101.2,423.18,538.18,519.57,1046.94,0.103844
rilotumumab,7.61,3.94,14.71,0.56,0.66,10.37,38.42,60.81,38.83,100.83,31.16,14.43,26.32,8.71,85.69,38.81,196.08,1154.41,1398.3,2536.39,17.98,13.89,118.43,93.89,6,84.65,351.11,359.55,380.79,750.93,2.003601
rituximab,1.9,1.49,15.4,3.29,3.59,2.56,29.49,47.04,42.25,89.83,71.06,23.32,58.95,59.69,50.97,50.83,311.93,1069.43,1149.02,2207.7,14.31,27.98,69.34,13.7,12.49,34.68,161.27,351.3,205.63,558.55,0.500758
robatumumab,2.77,1.09,16.72,1.32,4.07,7.98,34.42,58.84,43.2,102.41,47.47,28.42,73.57,82.65,64.99,171.57,465.78,1200.57,1237.78,2420.51,23.38,11.46,17.56,20.75,8.25,27.62,110.56,268.85,258.88,539.95,0.276772
romosozumab,2.08,0.13,14.54,1.17,6.69,6.97,32.29,41.15,38.71,80.13,17.58,10.78,1.72,10.49,60.36,7.69,100.23,1054.28,1016.14,2032.97,90.71,47.09,406.6,206.21,30.02,186.37,964.95,886.33,715.99,1603.58,-1.13676
sarilumab,2.38,1.92,1.4,1.95,2.79,5.57,16.11,43.37,30.61,74.94,19.5,42.29,15.38,32.46,20.92,16.11,144.87,1098.65,998.87,2067.47,160.42,42.97,78.45,43.93,33.87,97.11,479.2,707.98,445.39,1157.03,-0.8046
secukinumab,1.91,-0.16,34.38,1.92,0.25,2.47,41.32,79.43,32.53,113.04,28.07,-6.16,31.03,34.06,55.3,25.43,158.98,1166.29,1080.19,2226.39,69.13,89.25,332.93,47.92,14.96,83.2,655.16,839.96,385.45,1216.99,0.122812
seribantumab,2.31,3.51,11.85,5.86,1.64,12.56,38.21,62.42,43.68,104.75,121.8,41.69,74.57,40.23,65.38,30.71,362.23,1220.13,1004.47,2196.86,16.47,7.17,30.98,69.73,11.3,81.93,228.14,302.03,400.99,704.77,0.336038
sifalimumab,3.2,4.58,12.18,3.37,2.73,2.16,28.24,53.42,35.62,88.73,65.15,15.61,85.34,43.62,57.13,106.93,363.49,1263.48,1205,2460.32,15.87,17.82,7.29,44.96,6,34.93,133.38,340.48,275.58,623.41,-0.27677
siltuximab,2.78,3.27,16.67,3.4,3.62,6.97,39.1,57.5,49.55,108.22,41.03,12.44,38.2,23.37,14.63,38.07,162.4,1095.51,1016.01,2092.23,31.07,22.41,80.8,64.24,44.16,74.17,323.76,501.21,417.92,925.63,1.25212
simtuzumab,10.29,1.83,8.6,6.63,4.41,6.37,39.83,48.09,56.25,105.59,68.7,44.28,17.55,239.13,80.16,60.75,507.91,1038.92,1192.41,2215.24,25.98,10.64,55.56,16.12,11.65,68.24,200.12,398.99,279.34,695.51,0.804596
sirukumab,5.12,3.75,16.13,6.67,3.79,8.17,45.61,61.15,52.52,113.76,54.6,38.87,51.58,5.05,23.52,44.65,215.58,1103.59,898.96,1976.58,25.52,6.23,48.22,75.48,37.13,73,275.36,360.25,494.58,855.22,1.101506
tabalumab,1.52,-0.18,28.57,1.53,0.18,4.11,36.59,78.37,35.36,114.37,56.56,34.98,65.84,58.31,74.58,106.9,397.24,1195.74,1208.55,2393.97,8.22,6.98,139.46,51.02,21.78,37.43,268.03,404.35,340.87,741.69,0.942641
tanezumab,8.19,2.3,20.29,-0.1,4.2,6.4,41.68,67.84,33.75,102.15,37.41,-0.45,55.54,53.47,131.42,29.23,300.95,1047.71,1289.61,2314.35,34.02,60.95,82.38,58.87,5.14,85.03,342.24,467.18,375.16,840.15,1.034822
teplizumab,2.44,2.59,6.33,2.59,3.8,2.36,20.9,43.68,31.69,75.64,70.55,83.49,27.96,13.93,61.07,19.99,279.21,1222.12,965.2,2154.56,20.1,4.98,153.33,87.55,20.88,69.83,377.58,395.93,455.72,861.31,-1.17348
tigatuzumab,1.71,3.95,7.67,1.72,2.64,4.17,22.07,55.83,32.98,88.74,44.92,29.09,120.23,32.94,99.91,78.8,405.6,1255.2,1298.89,2541.77,22.98,10.8,18.27,96.2,6.66,53.77,221.66,282.15,412.83,689.46,-0.50076
tildrakizumab,16.26,4.91,5.38,6.04,6.4,10.24,49.64,58.07,45.64,103.96,85.34,16.19,87.36,66.52,85.06,59.49,394.69,1094.2,1164.37,2248.84,16.38,19.56,-0.94,69.92,22.33,94.92,239.09,461.9,451.55,925.46,0.913647
tocilizumab,3.05,9.07,5.59,1.3,4.01,6.86,30.16,55.92,34.4,91.44,46.8,44.56,90.8,29.55,120.16,28.4,362.14,1422.79,1272.12,2652.44,25.83,5.78,24.59,137.6,6.94,80.63,289.42,244.28,492.53,731.88,-0.25724
tovetumab,1.91,5.06,10.38,2.15,5.85,6.39,33.31,56.66,36.92,93.47,26.48,12.55,131.2,109.46,122.9,46.98,457.85,1216,1337.84,2534.08,59.7,22.81,21.93,31.52,2.7,74.92,219.86,369.92,343.93,720.77,-1.29451
tralokinumab,2.13,-0.51,10.64,5.82,2.12,4.2,26.54,43.84,57.12,100.74,62.42,-4.25,68.21,50.61,3.98,43.29,222.75,1114.19,882.29,1973.11,26.09,46.99,96.62,78.9,93.29,135.84,496.78,641.8,614.97,1260.72,0.316162
trastuzumab,2.54,6.53,9.27,0.64,11.02,4.96,36.7,57.88,39.15,98.12,39.23,55.32,64.67,49.96,53.2,67.61,330.27,1204.37,1215.85,2388.75,33.35,6.27,45.37,73.49,28.57,47.1,257.67,316.41,390.4,699.2,-0.3762
tremelimumab,1.76,4.06,26.1,2.06,3.36,4.64,41.49,61.09,33.89,95.5,48.33,10.97,89.62,34.33,25.97,17.99,223.89,1275.2,1026.22,2280.6,22.22,37.45,57.44,64.21,14.39,115.14,328.8,360.22,449.89,816.04,5.199338
urelumab,2,5.41,13.84,2.21,0.08,12.78,37.26,73.23,46.09,119.06,66.82,36.99,46.15,9.43,59.06,57.39,271.68,1005.03,1068.04,2062.8,6.95,7.98,174.03,85.52,36.93,97.5,404.1,573.03,469.19,1043.06,1.493378
ustekinumab,2.53,1.98,6.35,2.2,3.26,10.53,27.81,49.75,37.85,87.56,81.6,3,195,49.01,42.62,59.44,427.83,1095.25,1071.32,2136.28,14.94,63.35,20.89,39.48,12.99,63.24,219.74,385.46,343.08,738.56,-1.25212
vedolizumab,2.9,0.38,11.47,6.61,5.52,1.48,28.12,51.99,53.38,105.33,35.55,-3.78,-0.06,125.56,43.83,73.31,267.23,969.92,1093.8,2053.88,54.9,124.3,203.07,42.41,17.5,52.34,513.94,830.91,289.25,1128.49,1.294512
veltuzumab,2.51,4.15,14.46,3.16,4.07,2.54,31.23,43.67,37.64,81.77,34.9,0.02,39.57,32.31,35.55,30.64,166.97,1078.54,1059.89,2115.08,47.69,63.75,111.48,39.92,15.77,59.57,340.82,586.29,321.25,906.06,0.830927
visilizumab,6.16,3.6,15.23,2.19,3.86,2.65,34.4,57.11,32.81,90.23,100.69,106.18,75.53,-2.44,69.55,18.26,372.93,1269.88,1078.14,2312.87,10.21,2.47,106.83,76.14,18.63,67.74,296.99,331.37,391.85,722.26,-0.75354
zalutumumab,1.99,5.14,18.61,0.97,2.46,5.58,34.69,63.19,32.75,95.98,29.38,5.33,43.21,1.04,2.67,29.45,108.28,1160.79,941.98,2081.37,67.38,100.12,219.3,165.31,81.48,93.91,737.75,707.98,689.84,1382.72,-0.45847
zanolimumab,2.15,0.2,7.36,1.88,3.06,6.39,22.49,60.04,33.88,94.64,74.14,40.34,39.78,23.51,26.26,18.63,213.25,1210.54,1129.13,2317.12,4.17,4.69,43.13,110.7,22.6,101.73,289.31,292.08,484.37,761.64,-0.33604