Name,SAP_pos_CDRH1,SAP_pos_CDRH2,SAP_pos_CDRH3,SAP_pos_CDRL1,SAP_pos_CDRL2,SAP_pos_CDRL3,SAP_pos_CDR,SAP_pos_Hv,SAP_pos_Lv,SAP_pos_Fv,SCM_neg_CDRH1,SCM_neg_CDRH2,SCM_neg_CDRH3,SCM_neg_CDRL1,SCM_neg_CDRL2,SCM_neg_CDRL3,SCM_neg_CDR,SCM_neg_Hv,SCM_neg_Lv,SCM_neg_Fv,SCM_pos_CDRH1,SCM_pos_CDRH2,SCM_pos_CDRH3,SCM_pos_CDRL1,SCM_pos_CDRL2,SCM_pos_CDRL3,SCM_pos_CDR,SCM_pos_Hv,SCM_pos_Lv,SCM_pos_Fv
abituzumab,3.86,4.35,8.72,2.15,4.7,6.79,30.68,45.53,36.43,82.66,26.56,6.04,32.17,122.07,5.67,113.76,317.86,542.91,520.88,1062.81,33.36,50.21,58.55,37.38,99.53,19.15,301.27,877.35,1176.29,2044.64
abrilumab,3.42,1.08,1.83,2.09,2.4,6.01,17.93,43.01,31.23,74.51,182.04,178.28,119.25,44.66,37.8,101.43,672.62,1143.67,451.48,1579.04,3.42,-1.28,7.43,36.73,8.36,19.31,67.66,919.62,941.5,1849.14
adalimumab,2.13,2.52,14.45,1.9,3.59,3.17,27.5,58.42,30.52,89.33,166.8,62.52,61.63,18.17,6.93,106.42,430.54,817.64,362.91,1185.11,3.18,19.58,29.51,116.77,41.76,55.55,263.84,907.11,1219.44,2109.09
alemtuzumab,2.27,3.7,5.04,2.22,2.76,3.33,20.66,52.66,32.29,85.86,47.98,11.4,21.22,74.93,13.73,39.95,222.46,358.02,373.39,736.4,31.13,109.97,113.78,59.37,59.35,156.55,539.4,1461.24,1302.77,2748.46
alirocumab,2.34,0.49,5.75,6.34,2.48,4.47,23.01,52.35,43.46,95.66,32.46,10.0,116.72,42.27,27.23,108.37,352.93,436.25,505.5,933.4,87.39,30.73,22.05,163.36,64.86,19.05,393.55,1270.47,966.63,2228.18
anifrolumab,9.21,1.46,6.46,3.27,0.75,2.08,23.75,56.85,33.33,90.74,27.05,69.01,156.93,116.76,19.94,124.06,531.88,618.64,548.38,1169.5,51.86,1.38,8.5,14.56,50.18,15.44,127.33,863.01,1012.91,1858.9
atezolizumab,1.75,4.33,8.62,1.62,10.41,9.99,38.11,57.12,44.69,101.71,40.75,10.97,-1.9,93.77,18.89,64.64,233.32,311.49,435.05,748.66,28.06,23.04,156.53,24.02,37.73,92.11,365.41,1228.49,1136.4,2343.4
bapineuzumab,1.77,-0.04,6.95,4.84,4.04,5.51,25.01,52.49,51.36,103.77,29.53,-7.51,47.65,112.76,22.12,9.93,208.97,290.64,335.51,620.42,57.5,111.2,92.68,58.18,65.25,120.57,518.61,1328.17,1117.12,2429.43
basiliximab,2.86,1.46,10.04,2.12,3.52,3.28,23.94,46.56,35.81,82.24,7.67,32.66,77.6,22.3,11.92,45.58,198.51,433.75,277.66,709.02,114.54,21.5,52.29,111.67,84.92,86.88,469.83,1139.55,1275.68,2418.88
bavituximab,3.01,6.43,14.83,-0.08,2.2,3.21,29.92,48.26,31.16,79.75,37.88,65.17,90.12,95.39,29.91,69.46,403.53,611.39,562.01,1173.69,32.34,3.79,25.91,50.79,55.8,26.74,200.12,948.2,803.21,1732.32
belimumab,-0.16,10.5,27.5,3.77,0.98,1.47,45.3,64.14,40.72,104.01,34.93,44.45,13.73,45.2,-5.17,37.87,170.77,401.49,544.14,954.52,30.84,20.99,178.7,94.76,120.37,136.85,578.47,1289.84,942.45,2193.43
benralizumab,2.59,2.36,19.24,6.75,2.19,9.08,43.28,56.67,40.67,98.0,27.18,32.25,57.69,188.75,4.14,103.99,422.98,380.23,615.35,986.74,62.18,36.98,67.83,30.02,135.51,37.61,376.33,1334.45,1231.47,2540.25
bevacizumab,2.69,3.93,17.87,1.64,4.1,6.32,36.89,67.44,36.9,103.84,27.02,31.16,60.79,158.23,17.31,111.14,422.24,434.47,616.95,1039.17,61.35,3.65,113.58,21.93,66.94,33.45,290.62,1138.46,1149.58,2266.81
bimagrumab,1.1,3.71,5.4,5.95,1.64,11.13,28.99,44.57,42.83,87.19,14.88,1.05,25.24,42.59,-4.82,64.85,142.74,303.19,309.4,609.27,71.56,61.48,24.81,78.92,162.18,43.29,442.22,1278.56,1229.89,2480.34
blosozumab,5.99,4.68,3.89,1.38,3.37,6.42,26.6,40.99,36.38,77.0,172.16,202.69,142.87,109.28,13.09,171.45,823.5,1230.82,560.49,1782.18,4.18,-2.21,27.84,53.44,92.06,3.63,166.12,855.17,1149.7,1991.2
bococizumab,3.3,5.28,15.26,1.4,6.2,9.34,40.96,49.67,39.81,89.57,15.24,3.37,22.9,45.38,4.51,52.38,150.83,328.89,307.79,636.05,71.4,101.38,131.33,41.26,88.06,84.96,524.86,1402.85,1290.17,2667.96
brentuximab,2.81,1.59,10.09,3.98,3.1,2.39,25.14,44.05,44.38,89.16,64.76,14.19,67.25,242.77,43.8,176.61,609.25,492.17,772.71,1264.11,0.16,26.02,18.3,7.12,43.72,15.82,104.63,945.77,1087.92,2020.46
briakinumab,2.77,2.44,0.38,0.87,2.4,10.2,19.33,37.25,49.13,86.76,26.79,6.41,0.53,-3.73,21.8,30.99,81.76,183.86,276.63,471.95,41.09,40.15,33.6,187.14,64.45,122.94,493.92,1289.54,1176.81,2446.48
brodalumab,2.82,3.1,10.11,0.96,0.48,5.71,22.28,46.76,35.77,83.19,3.56,10.69,17.24,136.75,31.48,136.69,342.25,304.34,552.65,852.16,106.25,38.59,86.24,3.67,61.69,28.62,313.57,1387.34,1111.54,2474.2
canakinumab,6.4,4.3,7.69,0.54,5.1,8.2,32.52,57.49,37.99,96.99,37.36,119.1,23.68,35.02,-2.28,77.91,300.21,537.13,396.61,948.29,48.41,-2.11,82.17,67.27,113.12,38.78,354.75,1069.89,1021.89,2058.24
carlumab,1.44,14.82,14.72,3.56,0.93,10.84,47.02,63.31,47.06,110.85,62.12,56.29,186.06,148.51,41.64,82.3,585.71,721.06,598.04,1316.65,22.61,9.09,7.94,-1.07,51.31,53.31,137.82,1003.01,987.78,1968.18
certolizumab,6.7,11.45,5.19,0.36,10.6,10.87,47.58,67.71,49.71,118.63,69.49,58.22,16.09,45.33,12.95,88.06,306.24,475.03,401.1,878.46,28.27,4.48,62.74,38.72,39.59,28.23,199.7,1025.74,1084.65,2095.88
cetuximab,2.81,1.75,20.81,0.62,3.46,5.03,34.88,63.38,44.27,109.14,14.2,18.35,96.31,67.6,60.7,118.45,373.89,414.17,574.84,984.58,71.4,29.85,41.84,37.09,39.44,22.18,246.88,1165.6,830.06,1963.78
cixutumumab,1.58,13.68,29.49,3.71,1.34,0.95,50.96,69.72,40.36,111.01,9.38,13.98,160.22,70.3,5.55,29.16,303.71,428.5,523.42,950.56,77.24,58.03,87.99,41.75,92.23,99.54,459.62,1253.44,903.24,2130.53
clazakizumab,2.43,1.33,7.03,0.71,4.35,10.92,27.43,53.17,41.01,93.71,38.34,87.66,221.31,93.72,32.85,137.99,642.4,755.13,550.89,1309.18,39.93,4.46,36.97,22.45,49.0,45.04,192.95,1056.42,1061.5,2102.64
codrituzumab,2.25,0.47,10.41,4.38,2.59,6.37,28.86,50.02,52.76,102.85,79.48,91.75,23.3,5.21,-6.96,20.36,191.93,523.1,154.02,682.83,53.31,14.69,67.46,270.84,139.03,103.08,650.15,965.55,1508.39,2454.42
crenezumab,2.56,0.5,3.86,7.9,2.56,6.8,26.59,42.72,56.97,99.6,47.72,11.73,24.45,75.22,4.51,54.35,227.01,411.32,353.19,762.39,16.63,13.77,3.09,61.92,86.47,60.2,242.08,964.91,1064.83,2013.02
dacetuzumab,3.08,4.03,6.45,4.38,3.26,6.75,29.02,55.68,37.94,94.03,22.64,11.31,7.41,21.97,1.74,47.28,105.08,260.55,242.09,504.01,51.38,35.0,100.16,145.9,92.13,101.5,534.96,1309.48,1410.48,2687.73
daclizumab,2.93,4.15,5.09,2.69,3.89,5.73,25.9,45.4,38.86,84.01,38.21,45.19,21.49,28.93,10.16,63.32,201.44,490.39,337.41,829.33,54.49,18.45,78.64,53.99,42.44,87.14,333.26,1060.0,1118.85,2161.69
dalotuzumab,5.52,2.33,7.43,4.38,5.5,5.84,33.4,54.56,54.76,109.34,22.08,27.04,26.89,17.47,0.39,30.81,122.29,267.94,234.3,515.46,72.35,23.89,107.39,191.13,123.59,97.62,621.81,1289.41,1318.04,2596.21
daratumumab,3.14,0.3,26.26,1.86,0.19,6.3,38.34,73.47,38.45,111.45,41.61,8.54,116.77,80.42,29.27,86.56,374.75,478.64,471.96,945.65,27.55,11.26,56.28,13.8,66.96,50.26,225.27,993.92,1097.46,2073.5
denosumab,2.49,0.11,15.97,2.55,0.56,1.85,23.77,61.6,33.18,95.32,31.3,11.22,64.52,19.49,6.13,37.96,166.93,375.53,281.16,648.3,42.21,10.15,77.49,142.88,81.87,61.18,415.96,1010.63,1221.24,2209.07
dinutuximab,2.47,8.84,4.5,4.25,1.58,9.33,32.31,44.65,46.84,91.22,43.37,36.46,47.08,14.38,5.21,12.3,122.79,457.05,161.39,621.42,18.9,22.54,16.21,292.17,182.89,136.52,672.22,1004.66,1775.62,2770.44
drozitumab,3.25,2.46,13.24,4.12,1.6,1.34,26.87,47.99,43.73,91.4,152.13,50.49,44.5,55.68,8.2,55.97,375.05,592.93,557.45,1144.63,-0.73,12.88,56.87,69.71,79.67,62.46,280.67,1024.65,897.22,1897.69
duligotuzumab,1.68,6.3,8.97,0.96,10.47,3.75,34.22,56.72,38.0,95.31,38.48,40.15,177.04,148.75,36.15,253.98,709.94,711.82,757.03,1469.91,28.82,9.41,23.84,18.43,21.66,-6.39,85.87,909.96,974.47,1868.92
dupilumab,1.71,0.4,24.22,16.73,1.89,4.46,49.76,56.48,60.77,118.12,57.42,12.46,60.07,71.73,11.3,94.61,312.81,490.44,444.74,936.99,44.47,16.2,301.69,87.21,74.13,35.7,563.21,1260.64,1066.16,2312.93
eculizumab,10.03,2.12,15.1,6.32,4.31,5.35,44.62,60.09,38.89,99.63,19.06,12.49,120.87,112.12,41.75,124.41,446.55,584.03,625.65,1215.08,65.17,33.26,45.76,22.25,15.63,15.48,188.59,975.56,915.42,1873.23
efalizumab,1.77,0.15,23.04,2.08,2.91,4.31,34.39,63.37,32.15,95.9,4.79,23.13,26.63,31.47,7.82,87.68,180.6,266.38,322.22,587.58,64.68,4.77,70.8,114.0,52.24,57.97,362.96,1123.96,1226.39,2322.39
eldelumab,0.62,7.66,18.75,1.84,0.48,7.05,36.13,55.54,39.93,96.37,49.93,63.85,187.85,44.82,11.16,98.86,461.38,642.84,389.73,1031.97,26.12,9.08,27.19,27.99,53.89,22.1,159.52,1047.29,1054.54,2083.47
elotuzumab,2.37,0.11,8.29,5.86,2.8,6.01,26.02,60.09,39.71,100.02,88.2,75.18,139.25,119.91,5.44,112.95,552.06,715.26,529.91,1227.37,34.28,-1.89,27.42,18.8,80.58,19.64,167.75,848.22,1075.82,1907.56
emibetuzumab,2.21,0.36,4.93,7.8,3.75,7.54,27.56,31.89,44.05,76.54,57.07,8.7,28.2,43.53,17.27,54.13,222.39,386.55,363.01,746.06,32.92,128.2,38.73,26.19,37.04,46.06,311.92,1259.08,1037.7,2272.95
enokizumab,5.5,2.16,10.65,4.18,5.7,7.56,37.03,48.86,40.91,89.92,80.03,68.82,190.19,49.44,11.26,132.76,546.07,766.87,423.54,1189.97,25.22,7.0,26.0,116.26,67.23,32.56,267.16,964.09,1209.52,2150.63
epratuzumab,2.8,2.64,11.77,7.82,2.47,6.32,34.24,45.79,41.49,86.78,44.5,89.88,37.88,52.97,12.18,90.97,324.13,648.76,374.88,1018.8,63.09,9.21,58.35,161.42,74.59,24.32,385.26,946.26,1225.96,2149.68
etrolizumab,7.38,2.15,4.1,2.14,4.29,6.27,26.5,54.31,35.29,90.07,5.26,3.93,29.25,182.44,33.06,112.07,359.39,260.13,626.88,868.98,62.12,37.23,51.29,11.88,55.46,30.22,248.5,1230.12,1015.2,2212.35
evolocumab,4.17,5.08,4.05,4.81,1.1,3.07,22.97,38.53,30.85,69.26,17.84,19.11,36.98,73.17,11.93,86.0,263.46,379.14,427.85,808.57,54.48,20.09,16.57,44.21,65.15,24.09,214.55,1191.2,992.64,2161.51
farletuzumab,2.62,4.37,7.72,1.65,3.46,14.82,36.23,52.85,45.12,97.96,16.67,13.85,64.11,62.81,8.85,96.84,288.94,371.7,431.04,807.52,37.72,10.32,49.1,36.66,39.93,39.11,207.31,1063.53,1056.74,2092.06
fasinumab,4.24,1.02,15.61,1.33,7.36,6.1,37.54,58.0,36.91,95.29,211.03,245.78,120.28,39.75,20.9,109.92,755.36,1300.19,406.28,1696.75,-7.36,-2.67,22.3,64.37,43.67,46.65,159.35,941.36,1192.72,2121.64
fezakinumab,2.01,4.28,7.33,3.86,0.66,6.03,25.33,55.07,48.11,103.97,21.95,15.26,281.47,64.06,36.24,100.9,519.59,624.13,553.16,1184.38,57.43,49.27,20.58,55.27,44.12,36.2,270.25,1342.47,846.66,2171.53
ficlatuzumab,3.14,-0.26,11.94,5.43,1.36,6.53,29.59,52.69,43.0,94.59,22.68,-0.22,84.21,99.52,20.41,96.45,338.93,431.29,597.45,1022.26,55.12,80.06,32.55,28.09,40.09,30.88,268.81,1095.14,825.98,1886.15
figitumumab,2.81,0.39,25.31,0.42,3.3,5.78,36.96,63.02,36.73,99.02,34.87,11.34,171.74,26.52,-1.57,90.88,351.0,568.13,332.09,905.0,44.91,4.63,85.1,70.57,157.66,34.11,402.83,1090.98,1413.88,2484.37
fletikumab,1.38,3.54,20.49,0.22,2.37,5.7,33.91,51.88,31.54,84.27,35.61,13.56,307.4,62.89,69.55,64.38,568.55,707.87,423.16,1140.23,36.6,31.79,12.44,25.46,-3.46,32.37,126.68,1005.69,1025.56,2008.58
foralumab,3.45,4.98,12.64,2.3,0.64,7.61,31.03,58.58,41.3,99.48,14.18,22.65,43.8,68.77,28.41,63.07,246.32,250.58,398.13,647.62,83.43,49.57,56.59,16.65,58.97,89.02,347.09,1453.76,1129.81,2568.7
fresolimumab,1.86,17.25,23.12,2.78,3.43,2.58,52.08,74.63,37.53,112.36,78.21,106.05,161.4,83.49,9.7,149.22,596.81,778.8,512.18,1292.49,11.4,-1.34,6.55,20.74,54.33,15.19,94.26,963.72,1019.71,1959.29
fulranumab,2.62,0.49,13.85,0.76,2.49,5.0,25.46,62.92,31.95,96.74,14.7,-3.66,153.16,61.85,69.14,68.59,363.91,462.69,461.3,916.15,122.91,114.84,67.41,19.44,5.33,30.6,353.91,1093.98,937.86,2007.47
galiximab,2.06,1.58,34.1,3.68,2.4,5.19,49.27,82.25,45.09,128.79,11.49,23.74,125.11,69.46,12.38,107.18,361.44,448.45,502.42,950.65,54.5,8.25,96.18,40.84,98.89,17.76,314.76,948.52,883.86,1797.46
ganitumab,0.46,0.97,2.76,7.85,2.01,5.66,20.56,38.71,53.02,91.93,4.86,1.43,98.21,48.08,18.47,59.05,233.92,336.15,345.15,684.68,117.74,67.61,51.12,130.11,45.76,56.83,468.24,1414.11,1081.89,2485.09
gantenerumab,1.83,0.15,14.45,1.87,0.68,7.41,27.21,58.05,38.82,97.3,26.61,6.42,19.12,41.18,4.93,64.97,155.9,284.36,347.97,634.08,59.85,67.36,274.1,47.57,84.79,44.24,592.52,1387.49,1139.96,2487.57
gemtuzumab,3.59,5.0,8.82,9.24,1.58,6.16,34.35,51.92,38.91,91.12,51.22,24.04,20.7,105.18,14.51,100.92,327.73,441.91,482.72,923.47,5.2,13.06,36.94,52.83,46.84,21.42,172.89,989.78,1037.61,2008.06
gevokizumab,2.09,2.28,9.69,2.27,4.91,8.84,30.55,49.86,37.24,88.66,43.28,107.72,48.89,93.18,-0.68,70.22,367.08,523.3,417.43,934.83,40.16,0.07,102.13,62.32,144.26,43.38,391.74,1166.53,1373.54,2519.31
girentuximab,1.33,4.35,7.73,3.7,1.81,6.39,27.15,54.05,34.91,89.4,25.07,40.63,25.12,54.38,4.76,85.28,242.56,367.34,395.61,773.09,71.57,17.65,115.22,32.39,63.68,36.96,336.65,1258.88,990.81,2211.68
glembatumumab,6.59,3.52,8.68,0.76,1.06,8.38,29.1,54.48,37.69,92.93,28.83,11.58,43.38,86.59,9.36,80.6,269.43,300.6,390.07,686.14,51.96,21.49,45.33,16.25,76.1,49.27,257.85,1325.49,1238.37,2537.64
golimumab,9.65,2.27,23.06,6.46,0.99,8.05,49.35,61.49,48.58,109.81,24.59,24.49,51.27,67.46,21.8,65.49,269.42,353.16,412.58,774.33,45.5,18.14,136.59,18.76,71.84,66.39,359.89,1329.42,1113.38,2426.39
guselkumab,3.03,2.35,14.75,2.74,1.84,11.32,36.32,58.46,54.44,113.55,22.58,29.86,54.84,35.66,-2.9,89.57,238.17,412.84,375.83,782.63,57.03,21.43,56.06,70.62,123.06,46.47,372.63,858.42,988.05,1818.21
ibalizumab,2.08,2.59,11.71,7.1,1.76,5.39,31.34,49.17,43.54,92.5,46.34,102.03,103.34,55.81,12.8,93.49,420.47,799.07,421.19,1221.71,47.62,-5.46,82.15,115.63,74.43,42.74,350.26,973.35,1074.88,2034.07
imgatuzumab,2.4,3.32,11.29,2.38,2.32,5.28,28.26,44.94,32.56,76.57,30.03,4.81,26.46,27.1,14.82,55.36,171.94,326.08,309.63,642.15,44.28,52.57,107.18,85.6,67.82,60.29,423.11,1194.86,1263.09,2426.56
infliximab,8.22,2.84,11.41,4.32,2.67,5.91,36.58,50.78,44.49,97.57,31.34,12.85,25.41,30.05,35.92,49.31,183.06,471.73,471.38,945.15,52.31,74.92,82.05,72.28,45.88,88.02,428.92,1007.11,848.1,1808.07
inotuzumab,2.32,3.61,13.38,4.85,3.61,2.58,31.66,55.22,37.57,92.78,8.28,18.48,46.76,55.96,5.63,47.6,195.14,376.51,299.35,670.78,114.82,38.85,74.07,75.02,60.72,70.47,434.59,1427.77,1147.55,2552.14
ipilimumab,2.67,2.3,17.15,2.87,5.47,2.75,33.24,60.86,37.93,99.51,32.29,35.44,40.81,39.92,10.03,83.51,255.1,379.14,382.24,759.52,44.35,7.84,28.58,31.03,57.94,25.42,188.33,1191.52,1076.49,2247.24
ixekizumab,1.65,7.35,18.82,3.94,6.59,6.96,47.35,61.32,56.33,117.51,101.08,83.75,51.68,4.85,2.19,30.68,243.71,609.32,170.31,767.2,18.89,9.78,76.98,322.43,144.85,82.58,660.77,1048.23,1567.57,2586.26
lampalizumab,2.73,3.0,1.41,2.13,5.47,7.24,23.64,51.32,40.16,92.37,20.56,72.62,78.76,369.28,50.36,241.77,817.46,600.19,1026.52,1625.72,67.57,3.97,39.85,-20.84,64.27,1.96,140.81,1054.4,1031.96,2061.31
lebrikizumab,4.55,2.21,16.72,4.34,4.55,1.32,33.89,66.84,39.04,106.19,32.82,9.91,114.97,105.95,42.39,123.72,464.31,467.37,594.68,1063.61,38.16,39.43,31.66,37.73,22.36,27.01,198.01,1089.97,794.31,1858.57
lenzilumab,1.54,-0.42,13.23,1.12,0.79,3.22,19.64,46.69,33.68,80.79,13.16,1.23,13.08,22.03,8.44,7.58,56.4,200.98,176.95,394.18,92.79,93.87,219.1,68.29,66.83,129.79,686.9,1678.56,1313.61,2956.56
lintuzumab,2.93,5.26,4.39,8.39,1.39,5.19,26.93,43.58,36.48,80.16,82.62,63.04,3.32,132.98,17.41,104.23,410.76,521.15,531.64,1048.54,22.76,9.4,69.49,29.57,37.34,28.29,191.68,1043.64,1019.47,2040.93
lirilumab,6.98,16.63,17.48,2.18,0.15,6.43,50.21,66.31,41.54,108.5,48.05,56.21,199.37,99.47,43.49,94.95,553.73,704.88,518.08,1238.45,29.33,11.66,40.42,10.36,51.4,47.86,184.76,1043.11,1028.09,2051.39
lumiliximab,6.84,1.61,1.43,6.1,4.36,4.93,25.96,53.4,37.88,91.51,35.56,43.01,39.56,70.95,14.25,44.45,264.09,425.39,407.44,837.03,53.65,13.46,15.52,47.99,30.35,96.87,248.77,1093.34,1109.35,2191.33
matuzumab,1.38,-0.13,9.52,2.82,3.35,4.1,22.1,42.37,33.96,77.25,59.32,-2.68,226.69,103.06,47.64,65.36,518.08,649.69,515.89,1165.6,28.07,57.87,39.42,10.45,16.82,65.28,224.61,1049.06,1035.22,2078.4
mavrilimumab,3.7,0.63,16.48,5.19,1.19,6.78,35.45,54.14,49.78,104.63,206.36,245.72,93.94,46.18,-17.54,111.34,690.84,1244.35,371.47,1594.78,5.69,-1.41,31.5,89.8,184.07,27.02,330.36,935.26,1187.58,2089.34
mepolizumab,2.6,2.28,10.51,4.07,0.8,6.82,28.04,55.34,42.12,97.9,11.16,6.01,50.88,31.19,16.84,73.14,188.03,356.25,363.78,715.25,80.54,34.84,94.53,168.85,94.52,56.62,534.95,1224.17,1198.15,2406.03
mogamulizumab,8.65,4.28,4.92,8.3,2.49,12.97,44.45,61.26,63.58,124.99,39.77,18.55,43.89,78.3,9.88,94.27,307.59,460.24,430.89,893.94,63.16,14.64,84.58,110.83,79.99,15.68,366.83,1199.91,1063.69,2251.84
motavizumab,3.43,2.11,19.71,2.8,4.11,6.89,40.1,57.86,39.12,96.5,59.42,55.65,183.59,51.23,28.27,83.92,483.02,624.14,429.73,1038.65,53.61,28.26,23.7,50.51,51.75,52.4,264.15,1248.67,1095.21,2311.76
muromonab,1.76,1.81,4.64,2.38,3.81,2.89,19.04,32.87,35.08,68.1,24.55,-0.03,176.55,45.74,13.37,46.27,316.78,484.69,315.02,814.57,83.33,83.85,22.57,23.73,82.52,39.09,335.05,1074.54,1088.88,2139.51
natalizumab,2.78,5.25,20.94,1.81,7.75,5.55,44.8,65.11,39.81,105.37,46.03,31.77,99.53,127.15,7.85,128.09,461.39,538.65,542.39,1091.88,39.5,20.91,56.06,59.89,107.32,25.86,308.4,1142.66,1118.34,2233.77
necitumumab,1.12,3.83,21.71,2.3,0.48,3.98,32.92,62.02,38.12,100.44,57.54,40.5,101.2,74.08,27.95,92.85,396.36,479.37,451.01,927.91,21.41,6.11,21.41,13.33,55.85,22.48,135.01,1176.49,1055.46,2208.56
nimotuzumab,2.43,0.53,16.48,3.05,2.97,5.98,32.74,44.92,36.09,79.96,45.47,36.25,93.85,49.21,1.96,64.71,308.7,585.42,364.56,949.79,33.5,11.52,47.91,154.71,106.11,71.2,425.84,1040.9,1273.51,2282.34
nivolumab,3.22,4.53,2.41,2.33,0.62,5.51,18.78,47.77,38.74,85.82,40.96,23.96,73.08,89.43,32.42,66.13,338.47,400.64,485.28,881.63,20.36,42.15,13.83,19.86,54.84,59.78,211.52,1186.08,1078.88,2241.08
obinutuzumab,7.41,1.99,16.45,9.88,4.52,9.04,52.19,60.2,62.93,122.57,12.62,79.47,69.87,55.98,19.49,111.03,375.15,502.13,422.68,931.64,70.55,17.11,74.51,152.17,36.54,34.01,379.87,1149.6,1030.04,2165.48
ocrelizumab,2.06,1.75,15.76,2.2,4.21,7.19,34.1,58.4,35.82,94.32,16.42,16.37,70.13,38.62,13.78,62.71,226.94,324.31,333.69,650.49,75.8,28.18,77.46,38.59,40.26,37.3,294.72,1293.24,1075.02,2338.05
ofatumumab,2.6,1.85,16.55,2.15,0.26,6.0,28.93,55.84,37.92,93.38,97.75,29.76,133.13,75.14,25.52,87.04,460.82,562.29,480.07,1039.56,33.43,7.97,37.86,19.03,61.82,46.3,204.35,1154.54,1046.14,2179.2
olaratumab,0.9,4.33,19.27,1.84,0.44,6.0,32.83,63.42,39.21,102.72,23.51,17.24,61.68,64.25,27.43,39.15,240.82,374.05,379.18,743.54,50.82,18.44,115.69,21.73,71.25,65.71,348.08,1120.42,1109.22,2215.99
olokizumab,1.71,5.84,16.9,4.79,4.27,4.48,38.24,65.83,35.74,101.86,94.83,41.6,27.15,116.2,38.15,105.33,436.55,624.46,601.37,1232.4,9.52,43.9,51.25,21.25,42.29,36.45,204.9,893.78,999.01,1873.68
omalizumab,4.38,2.03,15.99,2.58,7.38,1.81,34.09,60.82,34.24,94.4,34.44,62.35,25.72,215.03,42.65,142.21,539.36,456.66,687.29,1132.44,51.66,-3.77,91.71,14.25,23.28,32.68,199.48,1159.2,943.91,2086.15
onartuzumab,2.42,0.1,13.2,6.67,2.24,10.14,35.12,56.51,42.33,98.16,40.23,53.88,67.59,54.71,18.9,76.45,313.16,505.31,383.93,879.97,25.32,1.78,58.03,91.02,65.95,32.96,269.98,959.64,1158.08,2099.94
otelixizumab,2.62,0.23,8.87,4.89,1.02,6.49,25.41,55.62,47.99,103.15,31.68,0.47,49.58,135.53,74.79,75.15,379.5,348.7,687.29,1023.04,41.92,53.14,95.09,31.65,42.89,26.45,293.89,1216.15,855.4,2042.93
otlertuzumab,3.74,9.08,5.68,6.14,8.48,2.74,37.07,54.22,49.01,103.96,31.18,42.23,34.1,88.67,34.36,75.96,328.02,410.67,520.7,929.3,38.87,15.45,21.26,49.22,74.22,54.73,258.98,908.2,976.56,1873.34
ozanezumab,4.1,-0.06,4.87,8.53,2.37,7.44,29.48,43.39,58.4,101.35,37.65,-3.78,57.78,46.88,8.79,86.54,246.57,408.65,323.32,742.06,41.5,59.52,7.51,120.64,69.44,19.41,320.45,1019.23,1122.34,2129.18
palivizumab,2.01,1.7,11.12,6.31,4.03,7.1,33.62,49.38,43.88,93.25,57.62,71.84,137.59,69.57,28.72,92.38,470.53,576.19,459.69,1026.81,51.01,15.23,33.66,24.17,58.8,42.27,223.81,1209.41,1127.42,2310.97
panitumumab,1.43,3.45,5.46,2.13,2.77,8.27,23.2,45.44,37.32,83.38,45.94,32.13,101.61,234.77,74.7,105.01,602.09,462.24,800.04,1255.95,15.41,8.22,46.54,8.15,17.47,35.44,130.62,1107.6,954.66,2039.48
panobacumab,4.38,0.1,8.89,7.26,0.46,6.49,28.9,53.67,53.32,106.94,33.87,30.83,29.38,59.99,11.24,31.98,200.16,369.44,268.3,639.45,57.83,3.11,135.7,73.48,110.94,83.3,469.6,1413.47,1390.22,2778.16
parsatuzumab,5.55,1.93,13.2,11.54,2.81,6.61,42.27,56.5,44.03,101.53,88.67,66.08,268.8,41.26,9.73,90.78,583.96,769.84,334.98,1112.89,41.0,4.59,20.63,127.87,87.14,63.06,341.29,1149.74,1264.74,2380.87
patritumab,1.86,0.03,8.36,5.61,1.98,3.42,21.81,60.27,38.9,99.05,3.23,11.3,64.36,56.19,15.72,76.8,229.3,320.63,474.29,788.45,81.82,38.79,107.63,116.08,75.81,56.09,476.73,1332.94,989.07,2298.73
pembrolizumab,2.28,0.36,11.36,5.72,8.61,7.24,36.01,46.07,53.26,98.67,28.26,7.23,114.65,42.38,33.53,79.66,326.78,459.86,419.18,896.53,44.78,31.03,52.26,121.4,33.17,54.4,345.42,1056.3,1031.15,2075.9
pertuzumab,2.34,0.2,10.53,4.14,6.53,15.28,40.84,55.97,49.08,105.11,69.15,26.29,85.43,112.34,6.09,109.65,424.32,463.41,494.73,961.93,25.99,14.52,26.37,19.89,69.96,26.28,174.26,1044.73,1139.79,2159.29
pinatuzumab,1.6,2.19,7.14,6.59,2.55,7.09,28.02,49.27,39.67,88.2,46.17,61.88,157.52,53.67,12.16,98.2,454.01,626.74,410.32,1024.08,59.79,8.88,37.28,103.64,81.89,35.87,319.18,1118.28,1243.48,2337.95
polatuzumab,3.15,2.88,12.09,4.44,3.4,2.45,28.15,60.16,32.95,93.54,24.22,61.97,55.36,267.27,41.29,206.46,672.25,535.35,847.54,1375.25,53.62,-0.16,95.99,2.02,36.27,13.11,193.26,1042.8,992.3,2023.69
ponezumab,6.13,1.45,13.57,9.03,5.0,8.69,45.7,50.41,64.13,114.72,65.61,20.68,22.01,42.66,6.74,-1.03,159.84,389.39,208.16,607.82,16.02,40.75,81.65,97.53,93.01,117.45,453.07,1175.73,1374.79,2539.8
radretumab,3.41,0.6,12.12,2.94,2.58,6.79,29.14,60.17,40.16,100.61,27.31,4.46,35.72,34.49,12.19,53.08,178.84,339.73,328.18,668.27,52.27,21.64,40.59,52.86,59.81,55.0,277.25,1052.43,1137.0,2172.59
ramucirumab,2.46,4.47,2.14,2.13,2.3,7.94,22.11,49.84,38.02,88.75,39.88,29.24,133.46,108.8,69.83,99.07,488.07,516.5,545.1,1059.81,27.79,3.27,9.75,52.45,8.31,34.16,130.63,1021.56,1051.6,2061.99
ranibizumab,2.93,3.97,21.2,1.81,4.15,6.36,40.61,71.32,37.47,108.59,43.27,28.86,83.24,158.71,16.22,111.26,456.38,493.72,619.97,1097.06,57.42,6.22,92.26,12.64,62.15,30.92,249.41,1117.13,1137.5,2235.48
reslizumab,3.24,1.35,10.97,5.08,2.92,8.21,33.89,54.35,40.65,95.64,24.65,63.0,96.87,74.2,26.25,104.02,398.99,556.48,493.64,1037.32,54.85,8.88,14.37,32.57,27.45,39.83,169.36,1021.19,1018.0,2020.47
rilotumumab,7.61,3.94,14.71,0.56,0.66,10.37,38.42,60.81,38.83,100.83,17.98,13.89,118.43,93.89,6.0,84.65,351.11,359.55,380.79,750.93,31.16,14.43,26.32,8.71,85.69,38.81,196.08,1154.41,1398.3,2536.39
rituximab,1.9,1.49,15.4,3.29,3.59,2.56,29.49,47.04,42.25,89.83,14.31,27.98,69.34,13.7,12.49,34.68,161.27,351.3,205.63,558.55,71.06,23.32,58.95,59.69,50.97,50.83,311.93,1069.43,1149.02,2207.7
robatumumab,2.77,1.09,16.72,1.32,4.07,7.98,34.42,58.84,43.2,102.41,23.38,11.46,17.56,20.75,8.25,27.62,110.56,268.85,258.88,539.95,47.47,28.42,73.57,82.65,64.99,171.57,465.78,1200.57,1237.78,2420.51
romosozumab,2.08,0.13,14.54,1.17,6.69,6.97,32.29,41.15,38.71,80.13,90.71,47.09,406.6,206.21,30.02,186.37,964.95,886.33,715.99,1603.58,17.58,10.78,1.72,10.49,60.36,7.69,100.23,1054.28,1016.14,2032.97
sarilumab,2.38,1.92,1.4,1.95,2.79,5.57,16.11,43.37,30.61,74.94,160.42,42.97,78.45,43.93,33.87,97.11,479.2,707.98,445.39,1157.03,19.5,42.29,15.38,32.46,20.92,16.11,144.87,1098.65,998.87,2067.47
secukinumab,1.91,-0.16,34.38,1.92,0.25,2.47,41.32,79.43,32.53,113.04,69.13,89.25,332.93,47.92,14.96,83.2,655.16,839.96,385.45,1216.99,28.07,-6.16,31.03,34.06,55.3,25.43,158.98,1166.29,1080.19,2226.39
seribantumab,2.31,3.51,11.85,5.86,1.64,12.56,38.21,62.42,43.68,104.75,16.47,7.17,30.98,69.73,11.3,81.93,228.14,302.03,400.99,704.77,121.8,41.69,74.57,40.23,65.38,30.71,362.23,1220.13,1004.47,2196.86
sifalimumab,3.27,4.6,12.49,3.32,0.66,2.24,26.74,53.46,34.42,87.67,16.24,15.99,6.81,45.73,4.8,39.78,132.98,337.58,288.96,629.98,65.97,19.24,85.12,42.74,57.89,84.42,348.81,1297.12,1178.52,2462.91
siltuximab,2.78,3.27,16.67,3.4,3.62,6.97,39.1,57.5,49.55,108.22,31.07,22.41,80.8,64.24,44.16,74.17,323.76,501.21,417.92,925.63,41.03,12.44,38.2,23.37,14.63,38.07,162.4,1095.51,1016.01,2092.23
simtuzumab,9.84,1.22,8.54,5.88,3.13,7.74,38.76,48.0,54.71,102.88,29.8,9.81,44.24,28.12,12.37,74.17,210.61,379.92,307.39,702.39,68.72,54.38,50.06,197.17,86.13,42.05,502.98,1159.39,1175.77,2326.98
sirukumab,5.12,3.75,16.13,6.67,3.79,8.17,45.61,61.15,52.52,113.76,25.52,6.23,48.22,75.48,37.13,73.0,275.36,360.25,494.58,855.22,54.6,38.87,51.58,5.05,23.52,44.65,215.58,1103.59,898.96,1976.58
tabalumab,1.52,-0.18,28.57,1.53,0.18,4.11,36.59,78.37,35.36,114.37,8.22,6.98,139.46,51.02,21.78,37.43,268.03,404.35,340.87,741.69,56.56,34.98,65.84,58.31,74.58,106.9,397.24,1195.74,1208.55,2393.97
tanezumab,8.19,2.3,20.29,-0.1,4.2,6.4,41.68,67.84,33.75,102.15,34.02,60.95,82.38,58.87,5.14,85.03,342.24,467.18,375.16,840.15,37.41,-0.45,55.54,53.47,131.42,29.23,300.95,1047.71,1289.61,2314.35
teplizumab,2.44,2.59,6.33,2.59,3.8,2.36,20.9,43.68,31.69,75.64,20.1,4.98,153.33,87.55,20.88,69.83,377.58,395.93,455.72,861.31,70.55,83.49,27.96,13.93,61.07,19.99,279.21,1222.12,965.2,2154.56
tigatuzumab,1.71,3.95,7.67,1.72,2.64,4.17,22.07,55.83,32.98,88.74,22.98,10.8,18.27,96.2,6.66,53.77,221.66,282.15,412.83,689.46,44.92,29.09,120.23,32.94,99.91,78.8,405.6,1255.2,1298.89,2541.77
tildrakizumab,16.03,4.8,5.74,6.87,6.22,9.84,49.53,58.37,46.41,104.95,15.19,20.57,-1.04,71.07,26.87,97.5,244.87,460.52,471.57,945.07,81.69,13.17,75.74,71.44,81.05,48.47,370.02,1098.92,1148.6,2239.55
tocilizumab,3.05,9.07,5.59,1.3,4.01,6.86,30.16,55.92,34.4,91.44,25.83,5.78,24.59,137.6,6.94,80.63,289.42,244.28,492.53,731.88,46.8,44.56,90.8,29.55,120.16,28.4,362.14,1422.79,1272.12,2652.44
tovetumab,1.91,5.06,10.38,2.15,5.85,6.39,33.31,56.66,36.92,93.47,59.7,22.81,21.93,31.52,2.7,74.92,219.86,369.92,343.93,720.77,26.48,12.55,131.2,109.46,122.9,46.98,457.85,1216.0,1337.84,2534.08
tralokinumab,2.13,-0.51,10.64,5.82,2.12,4.2,26.54,43.84,57.12,100.74,26.09,46.99,96.62,78.9,93.29,135.84,496.78,641.8,614.97,1260.72,62.42,-4.25,68.21,50.61,3.98,43.29,222.75,1114.19,882.29,1973.1
trastuzumab,2.92,6.24,9.36,1.52,10.64,5.01,37.2,58.97,40.54,99.63,33.17,6.62,41.36,69.35,15.52,51.14,237.38,311.89,371.87,679.39,33.7,53.16,70.29,45.14,53.98,61.82,320.6,1204.06,1210.02,2383.97
tremelimumab,1.76,4.06,26.1,2.06,3.36,4.64,41.49,61.09,33.89,95.5,22.22,37.45,57.44,64.21,14.39,115.14,328.8,360.22,449.89,816.04,48.33,10.97,89.62,34.33,25.97,17.99,223.89,1275.2,1026.22,2280.6
urelumab,2.0,5.41,13.84,2.21,0.08,12.78,37.26,73.23,46.09,119.06,6.95,7.98,174.03,85.52,36.93,97.5,404.1,573.03,469.19,1043.06,66.82,36.99,46.15,9.43,59.06,57.39,271.68,1005.03,1068.04,2062.8
ustekinumab,2.53,1.98,6.35,2.2,3.26,10.53,27.81,49.75,37.85,87.56,14.94,63.35,20.89,39.48,12.99,63.24,219.74,385.46,343.08,738.56,81.6,3.0,195.0,49.01,42.62,59.44,427.83,1095.25,1071.32,2136.28
vedolizumab,2.81,0.27,11.76,5.93,2.96,2.82,27.31,51.97,51.45,102.88,59.36,125.38,204.04,45.66,12.79,49.66,509.1,836.11,288.57,1133.87,30.37,-3.82,4.03,147.94,50.61,64.96,289.12,982.95,1155.9,2126.85
veltuzumab,2.51,4.15,14.46,3.16,4.07,2.54,31.23,43.67,37.64,81.77,47.69,63.75,111.48,39.92,15.77,59.57,340.82,586.29,321.25,906.06,34.9,0.02,39.57,32.31,35.55,30.64,166.97,1078.54,1059.89,2115.08
visilizumab,6.16,3.6,15.23,2.19,3.86,2.65,34.4,57.11,32.81,90.23,10.21,2.47,106.83,76.14,18.63,67.74,296.99,331.37,391.85,722.26,100.69,106.18,75.53,-2.44,69.55,18.26,372.93,1269.88,1078.14,2312.87
zalutumumab,1.99,5.14,18.61,0.97,2.46,5.58,34.69,63.19,32.75,95.98,67.38,100.12,219.3,165.31,81.48,93.91,737.75,707.98,689.84,1382.72,29.38,5.33,43.21,1.04,2.67,29.45,108.28,1160.79,941.98,2081.37
zanolimumab,2.15,0.2,7.36,1.88,3.06,6.39,22.49,60.04,33.88,94.64,4.17,4.69,43.13,110.7,22.6,101.73,289.31,292.08,484.37,761.64,74.14,40.34,39.78,23.51,26.26,18.63,213.25,1210.54,1129.13,2317.12
